id_plt,id_cohort,id_axis,N_phytomer_potential,N_phytomer,HS_final,TT_stop_axis,TT_del_axis,id_dim,id_phen,id_ear,TT_em_phytomer1,TT_col_phytomer1,TT_sen_phytomer1,TT_del_phytomer1
1,1,MS,11,11,11.0,NA,NA,1111,111,1.0,-6.2944835420559695,111.38325561524104,537.6288294111655,831.74647646998903
1,4,T1,8,8,8.0,NA,NA,4081,408,1.0,237.63844011462194,372.92325111573075,761.91412180546899,1100.1261493082411
1,5,T2,8,6,5.9698513565352282,949.0,1549.0,5060,508,NA,327.91000874207288,451.4477609196523,828.0164564642331,1136.8608369081817
2,1,MS,11,11,11.0,NA,NA,1111,111,1.0,-25.969180698599985,91.708558458697027,517.95413225462141,812.07177931344495
2,4,T1,9,9,9.0,NA,NA,4091,409,1.0,220.46901723587621,340.72218257019517,665.6894743333404,966.32238766913781
2,5,T2,7,7,6.1925545168037841,1063.0,1663.0,5070,507,NA,305.29393653368174,446.47993902234396,916.53722133402823,1269.5022275556839
2,6,T1.0,7,5,4.2269461698073938,882.0,1482.0,6050,607,NA,419.83511300427,543.59758608116749,926.53722133402835,1235.9434040262722
2,6,T3,7,5,4.2172501773941331,881.0,1481.0,6050,607,NA,419.83511300427,543.59758608116749,926.53722133402835,1235.9434040262722
2,7,T4,6,2,1.2921312783565171,700.0,1300.0,7020,706,NA,542.91066522272229,664.74923675361242,1142.5575987745265,1447.154027601752
3,1,MS,11,11,11.0,NA,NA,1111,111,1.0,-24.932248388452425,92.74549076884459,518.99106456476898,813.10871162359251
3,4,T1,8,8,8.0,NA,NA,4081,408,1.0,219.00067526822548,354.28548626933429,743.27635695907247,1081.4883844618446
3,5,T2,7,7,6.1160596815536161,1054.0,1654.0,5070,507,NA,306.33086884382931,447.51687133249152,917.57415364417579,1270.5391598658314
3,6,T1.0,7,5,4.1396822380880458,873.0,1473.0,6050,607,NA,420.87204531441756,544.63451839131505,927.57415364417591,1236.9803363364197
3,6,T3,7,5,4.1299862456747851,872.0,1472.0,6050,607,NA,420.87204531441756,544.63451839131505,927.57415364417591,1236.9803363364197
3,7,T1.1,6,2,1.2822821806124931,699.0,1299.0,7020,706,NA,543.94759753286985,665.78616906375998,1143.5945310846739,1448.1909599118994
4,1,MS,11,11,11.0,NA,NA,1111,111,1.0,-25.972333553108399,91.705405604188613,517.95097940011306,812.06862645893659
4,4,T1,8,8,8.0,NA,NA,4081,408,1.0,217.9605901035695,353.24540110467831,742.23627179441655,1080.4482992971887
4,5,T2,7,7,6.2095533690815987,1065.0,1665.0,5070,507,NA,305.29078367917333,446.47678616783554,916.53406847951987,1269.4990747011755
4,6,T1.0,7,5,4.2657301394604374,886.0,1486.0,6050,607,NA,419.83196014976158,543.59443322665913,926.53406847951999,1235.9402511717637
4,6,T3,7,5,4.2463381546339152,884.0,1484.0,6050,607,NA,419.83196014976158,543.59443322665913,926.53406847951999,1235.9402511717637
5,1,MS,11,11,11.0,NA,NA,1111,111,1.0,-28.616244603168429,89.061494554128586,515.30706835005299,809.42471540887652
5,4,T1,8,8,8.0,NA,NA,4081,408,1.0,215.31667905350949,350.6014900546183,739.59236074435648,1077.8043882471286
5,5,T2,8,8,7.0480642724423559,1060.0,1660.0,5080,508,NA,305.58824768096042,429.12599985853984,805.69469540312059,1114.5390758470692
5,6,T1.0,7,5,4.4402580028991325,904.0,1504.0,6050,607,NA,417.18804909970157,540.95052217659907,923.89015742945992,1233.2963401217037
5,6,T3,7,5,4.4208660180726111,902.0,1502.0,6050,607,NA,417.18804909970157,540.95052217659907,923.89015742945992,1233.2963401217037
5,7,T4,6,2,1.3413767670766372,705.0,1305.0,7020,706,NA,540.26360131815386,662.102172849044,1139.9105348699579,1444.5069636971834
6,1,MS,11,11,11.0,NA,NA,1111,111,1.0,-6.4179929169841063,111.25974624031291,537.50532003623732,831.62296709506086
6,4,T1,8,8,8.0,NA,NA,4081,408,1.0,237.5149307396938,372.79974174080263,761.79061243054082,1100.0026399333128
6,5,T2,8,6,5.989278616281303,951.0,1551.0,5060,508,NA,327.78649936714476,451.32425154472418,827.89294708930493,1136.7373275332534
6,6,T1.0,7,3,2.7337633381652204,728.0,1328.0,6030,607,NA,439.38630078588591,563.1487738627834,946.08840911564425,1255.4945918078879
6,6,T3,7,3,2.7143713533386986,726.0,1326.0,6030,607,NA,439.38630078588591,563.1487738627834,946.08840911564425,1255.4945918078879
7,1,MS,11,11,11.0,NA,NA,1111,111,1.0,-9.0519669268153056,108.6257722304817,534.87134602640606,828.98899308522959
7,4,T1,8,8,8.0,NA,NA,4081,408,1.0,234.88095672986262,370.16576773097142,759.15663842070956,1097.3686659234818
7,5,T2,8,7,6.1058421747577487,963.0,1563.0,5070,508,NA,325.15252535731355,448.69027753489297,825.25897307947366,1134.1033535234224
7,6,T1.0,7,3,2.9373791788436985,749.0,1349.0,6030,607,NA,436.7523267760547,560.51479985295214,943.45443510581299,1252.8606177980569
7,6,T3,7,3,2.9179871940171771,747.0,1347.0,6030,607,NA,436.7523267760547,560.51479985295214,943.45443510581299,1252.8606177980569
8,1,MS,11,11,11.0,NA,NA,1111,111,1.0,-24.42288253676297,93.254856620534042,519.50043041645847,813.61807747528201
8,4,T1,8,8,8.0,NA,NA,4081,408,1.0,219.51004111991494,354.79485212102372,743.78572281076197,1081.997750313534
8,5,T2,7,7,6.1075602554147084,1053.0,1653.0,5070,507,NA,306.84023469551875,448.02623718418096,918.08351949586529,1271.0485257175208
8,6,T1.0,7,5,4.0815062836084808,867.0,1467.0,6050,607,NA,421.381411166107,545.14388424300455,928.0835194958654,1237.489702188109
8,6,T3,7,5,4.0718102911952201,866.0,1466.0,6050,607,NA,421.381411166107,545.14388424300455,928.0835194958654,1237.489702188109
8,7,T1.1,6,2,1.2625839851244449,697.0,1297.0,7020,706,NA,544.45696338455934,666.29553491544948,1144.1038969363633,1448.7003257635888
9,1,MS,11,11,11.0,NA,NA,1111,111,1.0,-26.848473096120554,90.829266061176455,517.07483985710087,811.19248691592441
9,4,T1,8,8,8.0,NA,NA,4081,408,1.0,217.08445056055737,352.36926156166618,741.36013225140437,1079.5721597541765
9,5,T2,8,7,6.950927973711984,1050.0,1650.0,5070,508,NA,307.3560191880083,430.89377136558772,807.46246691016847,1116.3068473541171
9,6,T1.0,8,5,4.6313352072785117,864.0,1464.0,6050,608,NA,421.53420546251806,529.82636940480336,853.85278109893977,1124.583190954653
9,6,T3,7,5,4.2948181167002195,889.0,1489.0,6050,607,NA,418.95582060674946,542.71829368364695,925.6579289365078,1235.0641116287516
10,1,MS,11,11,11.0,NA,NA,1111,111,1.0,-27.680107863691916,89.997631293605096,516.24320508952951,810.36085214835305
10,4,T1,8,8,8.0,NA,NA,4081,408,1.0,216.25281579298598,351.53762679409482,740.52849748383301,1078.7405249866051
10,5,T2,7,7,6.2860482043317667,1074.0,1674.0,5070,507,NA,303.58300936858984,444.76901185725205,914.82629416893633,1267.7913003905919
10,6,T1.0,7,5,4.3529940711797845,895.0,1495.0,6050,607,NA,418.1241858391781,541.88665891607559,924.82629416893644,1234.2324768611802
10,6,T3,7,5,4.3336020863532632,893.0,1493.0,6050,607,NA,418.1241858391781,541.88665891607559,924.82629416893644,1234.2324768611802
11,1,MS,11,11,11.0,NA,NA,1111,111,1.0,-10.428253646934202,107.2494855103628,533.4950593062872,827.61270636511074
11,4,T1,8,8,8.0,NA,NA,4081,408,1.0,233.50467000974371,368.78948101085251,757.7803517005907,1095.9923792033628
11,5,T2,8,7,6.164123953995972,969.0,1569.0,5070,508,NA,323.77623863719464,447.31399081477406,823.88268635935481,1132.7270668033034
11,6,T1.0,8,4,3.2018688972091955,735.0,1335.0,6040,608,NA,437.95442491170439,546.24658885398969,870.27300054812611,1141.0034104038393
11,6,T3,7,3,2.9761631484967421,753.0,1353.0,6030,607,NA,435.37604005593579,559.13851313283328,942.07814838569413,1251.4843310779379
12,1,MS,11,11,11.0,NA,NA,1111,111,1.0,-21.425913074148664,96.251826083148345,522.49739987907276,816.6150469378963
12,4,T1,8,8,8.0,NA,NA,4081,408,1.0,222.50701058252926,357.79182158363807,746.78269227337626,1084.9947197761483
12,5,T2,8,7,6.6692327073939053,1021.0,1621.0,5070,508,NA,312.77857920998019,436.31633138755961,812.88502693214036,1121.7294073760888
12,6,T1.0,7,4,3.8778904429300027,846.0,1446.0,6040,607,NA,424.37838062872135,548.14085370561884,931.08048895847969,1240.4866716507233
13,1,MS,11,11,11.0,NA,NA,1111,111,1.0,-33.213234829612077,84.464504327684935,510.71007812360932,804.82772518243291
13,4,T1,8,8,8.0,NA,NA,4081,408,1.0,210.71968882706585,346.00449982817463,734.99537051791287,1073.2073980206849
13,5,T2,8,8,8.0,NA,NA,5081,508,1.0,300.99125745451676,424.52900963209618,801.09770517667698,1109.9420856206254
13,6,T1.0,7,5,4.8184017070163065,943.0,1543.0,6050,607,NA,412.59105887325791,536.35353195015546,919.29316720301631,1228.69934989526
13,6,T3,7,5,4.8087057146030459,942.0,1542.0,6050,607,NA,412.59105887325791,536.35353195015546,919.29316720301631,1228.69934989526
14,1,MS,11,11,11.0,NA,NA,1111,111,1.0,-31.493871347511671,86.18386780978534,512.42944160570971,806.54708866453325
14,5,T2,8,8,8.0,NA,NA,5081,508,1.0,302.7106209366172,426.24837311419662,802.81706865877732,1111.661449102726
14,6,T3,7,5,4.6438738435776106,925.0,1525.0,6050,607,NA,414.31042235535836,538.07289543225579,921.01253068511664,1230.4187133773605
15,1,MS,11,11,11.0,NA,NA,1111,111,1.0,-5.4462141112757578,112.23152504602126,538.47709884194569,832.59474590076923
15,4,T1,8,8,8.0,NA,NA,4081,408,1.0,238.48670954540216,373.77152054651094,762.76239123624919,1100.9744187390213
15,5,T2,7,6,5.2661170676628624,954.0,1554.0,5060,507,NA,325.81690312100596,467.00290560966818,937.06018792135251,1290.0251941430081
15,6,T1.0,7,3,2.6077154367928292,715.0,1315.0,6030,607,NA,440.35807959159422,564.12055266849177,947.06018792135262,1256.4663706135964
15,6,T3,7,3,2.5980194443795686,714.0,1314.0,6030,607,NA,440.35807959159422,564.12055266849177,947.06018792135262,1256.4663706135964
15,7,T2.0,6,1,0.94741285731567626,665.0,1265.0,7010,706,NA,563.43363181004656,685.2722033409367,1163.0805653618506,1467.6769941890761
15,7,T4,7,2,1.0708431580975384,662.0,1262.0,7020,707,NA,566.33455017982965,670.76761149202116,957.06018792135205,1218.1428412018311
16,1,MS,11,11,11.0,NA,NA,1111,111,1.0,-8.7909533441525021,108.88678581314451,535.13235960906889,829.25000666789242
16,4,T1,8,8,8.0,NA,NA,4081,408,1.0,235.14197031252542,370.42678131363419,759.41765200337238,1097.6296795061446
16,5,T2,8,7,6.0961285448847118,962.0,1562.0,5070,508,NA,325.41353893997632,448.95129111755574,825.51998666213649,1134.3643671060852
16,6,T1.0,7,3,2.8792032243641335,743.0,1343.0,6030,607,NA,437.01334035871747,560.77581343561496,943.71544868847582,1253.1216313807197
16,6,T3,7,3,2.8598112395376116,741.0,1341.0,6030,607,NA,437.01334035871747,560.77581343561496,943.71544868847582,1253.1216313807197
17,1,MS,11,11,11.0,NA,NA,1111,111,1.0,-27.136301356385154,90.541437800911865,516.78701159683624,810.90465865565977
17,4,T1,8,8,8.0,NA,NA,4081,408,1.0,216.79662230029277,352.08143330140155,741.07230399113973,1079.2843314939118
17,5,T2,8,7,6.9606416035850209,1051.0,1651.0,5070,508,NA,307.06819092774367,430.60594310532309,807.17463864990384,1116.0190190938524
17,6,T1.0,7,5,4.3239060939400025,892.0,1492.0,6050,607,NA,418.66799234648482,542.43046542338232,925.37010067624317,1234.7762833684869
17,6,T3,7,5,4.3045141091134802,890.0,1490.0,6050,607,NA,418.66799234648482,542.43046542338232,925.37010067624317,1234.7762833684869
17,7,T1.1,6,2,1.3118294738445651,702.0,1302.0,7020,706,NA,541.74354456493711,663.58211609582725,1141.3904781167412,1445.9869069439667
18,1,MS,11,11,11.0,NA,NA,1111,111,1.0,-21.304113734312747,96.373625422984261,522.61919921890865,816.73684627773218
18,4,T1,8,8,8.0,NA,NA,4081,408,1.0,222.62880992236518,357.91362092347396,746.90449161321214,1085.1165191159844
18,5,T2,7,7,6.005567141747818,1041.0,1641.0,5070,507,NA,309.95900349796898,451.14500598663119,921.20228829831547,1274.1672945199712
18,6,T1.0,7,4,3.8681944505167416,845.0,1445.0,6040,607,NA,424.50017996855723,548.26265304545473,931.20228829831558,1240.6084709905595
19,1,MS,11,11,11.0,NA,NA,1111,111,1.0,-13.146224315481803,104.53151484181521,530.77708863773967,824.8947356965632
19,4,T1,8,8,8.0,NA,NA,4081,408,1.0,230.78669934119611,366.07151034230492,755.06238103204316,1093.2744085348152
19,5,T2,8,7,6.2418329929802701,977.0,1577.0,5070,508,NA,321.05826796864704,444.59602014622646,821.16471569080727,1130.0090961347557
19,6,T1.0,7,4,3.1603870043486983,772.0,1372.0,6040,607,NA,432.6580693873882,556.42054246428575,939.3601777171466,1248.7663604093902
19,6,T3,7,4,3.140995019522177,770.0,1370.0,6040,607,NA,432.6580693873882,556.42054246428575,939.3601777171466,1248.7663604093902
20,1,MS,10,10,10.0,NA,NA,1101,110,1.0,-19.738435985508342,109.71411869773164,530.86749392193678,854.49888063003675
20,5,T2,6,6,5.1549142010457656,1042.0,1642.0,5060,506,NA,309.57043048759562,474.28743339103482,1130.7559261309027,1542.5484333895008
20,6,T3,6,4,3.2740409901003744,840.0,1440.0,6040,606,NA,424.59559388628855,568.98514580933568,1140.7559261309041,1501.7298059385218
21,1,MS,11,11,11.0,NA,NA,1111,111,1.0,-16.481283177140504,101.1964559801565,527.44202977608086,821.55967683490439
21,4,T1,8,8,8.0,NA,NA,4081,408,1.0,227.45164047953742,362.73645148064622,751.72732217038435,1089.9393496731566
21,5,T2,8,7,6.426391960567976,996.0,1596.0,5070,508,NA,317.72320910698835,441.26096128456777,817.82965682914846,1126.6740372730972
21,6,T1.0,7,4,3.4803547539863069,805.0,1405.0,6040,607,NA,429.3230105257295,553.08548360262694,936.02511885548779,1245.4313015477317
21,7,T1.1,6,2,1.1148475189640847,682.0,1282.0,7020,706,NA,552.39856274418173,674.23713427507187,1152.0454962959859,1456.6419251232114
22,1,MS,11,11,11.0,NA,NA,1111,111,1.0,-23.004541807835952,94.673197349461063,520.91877114538545,815.03641820420899
22,4,T1,8,8,8.0,NA,NA,4081,408,1.0,220.92838184884195,356.21319284995076,745.20406353968895,1083.4160910424612
22,5,T2,8,7,6.7955098957433888,1034.0,1634.0,5070,508,NA,311.19995047629288,434.7377026538723,811.30639819845305,1120.1507786424017
22,6,T3,7,5,4.0427223139554371,863.0,1463.0,6050,607,NA,422.79975189503403,546.56222497193153,929.50186022479238,1238.9080429170363
23,1,MS,11,11,11.0,NA,NA,1111,111,1.0,-22.304655663687356,95.373083493609656,521.6186572895341,815.73630434835763
23,5,T2,8,7,6.7566553762512402,1030.0,1630.0,5070,508,NA,311.89983662044148,435.4375887980209,812.0062843426017,1120.8506647865502
24,1,MS,11,11,11.0,NA,NA,1111,111,1.0,-33.020428787134662,84.657310370162349,510.90288416608678,805.02053122491031
24,4,T1,8,8,8.0,NA,NA,4081,408,1.0,210.91249486954325,346.19730587065209,735.18817656039027,1073.4002040631624
24,5,T2,8,8,8.0,NA,NA,5081,508,1.0,301.18406349699421,424.72181567457363,801.29051121915438,1110.134891663103
24,6,T1.0,7,5,4.7893137297765236,940.0,1540.0,6050,607,NA,412.78386491573536,536.54633799263286,919.48597324549371,1228.8921559377375
24,6,T3,7,5,4.7796177373632629,939.0,1539.0,6050,607,NA,412.78386491573536,536.54633799263286,919.48597324549371,1228.8921559377375
25,1,MS,11,11,11.0,NA,NA,1111,111,1.0,-28.233134125865377,89.444605031431635,515.69017882735602,809.80782588617956
25,4,T1,8,8,8.0,NA,NA,4081,408,1.0,215.69978953081252,350.98460053192133,739.97547122165952,1078.1874987244316
25,5,T2,7,7,6.2945476304706744,1075.0,1675.0,5070,507,NA,303.02998310641635,444.21598559507856,914.27326790676284,1267.2382741284184
25,6,T3,7,5,4.3820820484195675,898.0,1498.0,6050,607,NA,417.57115957700461,541.3336326539021,924.27326790676295,1233.6794505990067
26,1,MS,11,11,11.0,NA,NA,1111,111,1.0,-22.705658682557733,94.972080474739286,521.21765427066373,815.33530132948727
26,4,T1,8,8,8.0,NA,NA,4081,408,1.0,221.22726497412017,356.51207597522898,745.50294666496723,1083.7149741677392
26,5,T2,8,7,6.7663690061242772,1031.0,1631.0,5070,508,NA,311.49883360157111,435.03658577915053,811.60528132373133,1120.4496617676798
26,6,T1.0,7,4,3.9942423518891328,858.0,1458.0,6040,607,NA,423.09863502031226,546.86110809720981,929.80074335007066,1239.2069260423143
26,6,T3,7,4,3.9845463594758721,857.0,1457.0,6040,607,NA,423.09863502031226,546.86110809720981,929.80074335007066,1239.2069260423143
27,1,MS,11,11,11.0,NA,NA,1111,111,1.0,-14.247066769508237,103.43067238778877,529.67624618371315,823.79389324253668
27,4,T1,8,8,8.0,NA,NA,4081,408,1.0,229.68585688716968,364.97066788827851,753.96153857801664,1092.1735660807888
27,5,T2,8,7,6.3098284020915303,984.0,1584.0,5070,508,NA,319.95742551462064,443.49517769220006,820.06387323678075,1128.9082536807293
27,7,T2.0,7,2,1.1627680703750958,670.0,1270.0,7020,707,NA,557.53369752159711,661.96675883378862,948.25933526311951,1209.3419885435985
28,1,MS,11,11,11.0,NA,NA,1111,111,1.0,-11.8234094377205,105.85432971957651,532.09990351550096,826.21755057432449
28,4,T1,8,8,8.0,NA,NA,4081,408,1.0,232.10951421895743,367.39432522006621,756.38519590980445,1094.5972234125766
28,5,T2,7,6,5.546598130246811,987.0,1587.0,5060,507,NA,319.43970779456123,460.62571028322344,930.68299259490777,1283.6479988165634
28,6,T1.0,7,4,3.1312990271089158,769.0,1369.0,6040,607,NA,433.98088426514948,557.74335734204703,940.68299259490789,1250.0891752871516
28,6,T3,7,4,3.111907042282394,767.0,1367.0,6040,607,NA,433.98088426514948,557.74335734204703,940.68299259490789,1250.0891752871516
28,7,T1.1,7,2,1.1397868423057065,668.0,1268.0,7020,707,NA,559.95735485338491,664.39041616557643,950.68299259490732,1211.7656458753863
29,1,MS,11,11,11.0,NA,NA,1111,111,1.0,-31.887738926020166,85.790000231276849,512.03557402720128,806.15322108602481
29,5,T2,8,8,8.0,NA,NA,5081,508,1.0,302.31675335810866,425.85450553568808,802.42320108026888,1111.2675815242173
29,6,T3,7,5,4.7505297601234808,936.0,1536.0,6050,607,NA,413.91655477684981,537.67902785374736,920.61866310660821,1230.0248457988519
30,1,MS,11,11,11.0,NA,NA,1111,111,1.0,-14.661316709717516,103.0164224475795,529.26199624350386,823.37964330232739
30,5,T2,7,6,5.7080872268860547,1006.0,1606.0,5060,507,NA,316.60180052256425,457.78780301122646,927.84508532291068,1280.8100915445664
30,6,T3,7,4,3.344610860200655,791.0,1391.0,6040,607,NA,431.1429769931525,554.90545007004994,937.84508532291079,1247.2512680151547
31,1,MS,12,12,12.0,NA,NA,1121,112,1.0,-17.601458908787908,90.275669993912089,520.86255509306886,790.55537734981885
31,4,T1,9,9,9.0,NA,NA,4091,409,1.0,227.20841737221673,347.46158270653569,672.42887446968086,973.06178780547828
31,5,T2,9,8,7.306185790889141,1003.0,1603.0,5080,509,NA,317.26244787330597,427.07378314226548,734.55631289968028,1009.0846510720791
32,1,MS,11,11,11.0,NA,NA,1111,111,1.0,-10.882434075439807,106.79530508185721,533.04087887778155,827.15852593660509
32,4,T1,9,9,9.0,NA,NA,4091,409,1.0,235.5557638590364,355.80892919335537,680.77622095650054,981.40913429229795
32,5,T2,8,7,6.1835512137420467,971.0,1571.0,5070,508,NA,323.32205820868904,446.85981038626846,823.42850593084916,1132.2728863747977
32,6,T1.0,7,4,3.053731087802829,761.0,1361.0,6040,607,NA,434.92185962743019,558.68433270432763,941.62396795718848,1251.0301506494322
32,6,T3,7,4,3.0343391029763072,759.0,1359.0,6040,607,NA,434.92185962743019,558.68433270432763,941.62396795718848,1251.0301506494322
33,1,MS,11,11,11.0,NA,NA,1111,111,1.0,-17.79566133036014,99.882077826936865,526.12765162286132,820.24529868168486
33,4,T1,8,8,8.0,NA,NA,4081,408,1.0,226.13726232631777,361.42207332742657,750.41294401716482,1088.6249715199369
33,5,T2,7,6,5.7930814882751296,1016.0,1616.0,5060,507,NA,313.4674559019216,454.65345839058381,924.71074070226814,1277.6757469239237
33,6,T3,7,4,3.5579226932923942,813.0,1413.0,6040,607,NA,428.00863237250985,551.7711054494074,934.71074070226825,1244.116923394512
34,1,MS,11,11,11.0,NA,NA,1111,111,1.0,-28.672216083744495,89.00552307355251,515.2510968694769,809.36874392830043
34,4,T1,8,8,8.0,NA,NA,4081,408,1.0,215.26070757293343,350.54551857404221,739.53638926378039,1077.7484167665525
34,5,T2,8,8,7.0674915321884306,1062.0,1662.0,5080,508,NA,305.53227620038433,429.07002837796375,805.6387239225445,1114.4831043664931
34,6,T1.0,7,5,4.4693459801389155,907.0,1507.0,6050,607,NA,417.13207761912548,540.89455069602297,923.83418594888383,1233.2403686411276
34,6,T3,7,5,4.4499539953123932,905.0,1505.0,6050,607,NA,417.13207761912548,540.89455069602297,923.83418594888383,1233.2403686411276
35,1,MS,11,11,11.0,NA,NA,1111,111,1.0,-13.436853658902979,104.24088549839404,530.48645929431848,824.60410635314201
35,4,T1,8,8,8.0,NA,NA,4081,408,1.0,230.49606999777492,365.78088099888373,754.77175168862198,1092.983779191394
35,5,T2,8,7,6.2709738825993808,980.0,1580.0,5070,508,NA,320.76763862522586,444.30539080280528,820.87408634738608,1129.7184667913345
36,1,MS,11,11,11.0,NA,NA,1111,111,1.0,-8.2541225361636403,109.42361662113338,535.66919041705773,829.78683747588127
36,4,T1,8,8,8.0,NA,NA,4081,408,1.0,235.67880112051427,370.9636121216231,759.95448281136123,1098.1665103141333
36,5,T2,7,6,5.4361055904410129,974.0,1574.0,5060,507,NA,323.00899469611812,464.19499718478033,934.25227949646455,1287.2172857181201
36,6,T1.0,7,3,2.8210272698845684,737.0,1337.0,6030,607,NA,437.55017116670638,561.31264424360381,944.25227949646467,1253.6584621887084
36,7,T2.0,7,2,1.0938243861669277,664.0,1264.0,7020,707,NA,563.52664175494169,667.9597030671332,954.2522794964641,1215.3349327769431
37,1,MS,11,11,11.0,NA,NA,1111,111,1.0,-21.733298694942476,95.944440462354535,522.19001425827889,816.30766131710243
37,4,T1,8,8,8.0,NA,NA,4081,408,1.0,222.19962496173542,357.48443596284426,746.47530665258239,1084.6873341553546
37,5,T2,8,7,6.7080872268860547,1025.0,1625.0,5070,508,NA,312.47119358918638,436.00894576676581,812.5776413113465,1121.4220217552952
37,6,T1.0,7,4,3.9263704049963071,851.0,1451.0,6040,607,NA,424.07099500792754,547.83346808482497,930.77310333768582,1240.1792860299297
38,1,MS,11,11,11.0,NA,NA,1111,111,1.0,-14.063476419068742,103.61426273822826,529.85983653415269,823.97748359297623
38,4,T1,9,9,9.0,NA,NA,4091,409,1.0,232.37472151540746,352.62788684972645,677.59517861287168,978.22809194866909
38,5,T2,8,7,6.3001147722184925,983.0,1583.0,5070,508,NA,320.14101586506013,443.67876804263955,820.2474635872203,1129.0918440311689
38,6,T1.0,7,4,3.28643490572109,785.0,1385.0,6040,607,NA,431.74081728380128,555.50329036069877,938.44292561355962,1247.8491083058034
38,6,T3,7,4,3.2767389133078288,784.0,1384.0,6040,607,NA,431.74081728380128,555.50329036069877,938.44292561355962,1247.8491083058034
39,1,MS,11,11,11.0,NA,NA,1111,111,1.0,-5.4793957601958496,112.19834339710116,538.44391719302553,832.56156425184906
39,4,T1,8,8,8.0,NA,NA,4081,408,1.0,238.45352789648206,373.73833889759089,762.72920958732902,1100.9412370901011
39,5,T2,7,6,5.2916153460795847,957.0,1557.0,5060,507,NA,325.78372147208592,466.96972396074813,937.02700627243235,1289.9920124940879
39,6,T1.0,7,3,2.6368034140326118,718.0,1318.0,6030,607,NA,440.32489794267417,564.08737101957161,947.02700627243246,1256.4331889646762
39,6,T3,7,3,2.6271074216193511,717.0,1317.0,6030,607,NA,440.32489794267417,564.08737101957161,947.02700627243246,1256.4331889646762
40,1,MS,10,10,10.0,NA,NA,1101,110,1.0,-27.3861649363479,102.06638974689209,523.21976497109722,846.85115167919719
40,4,T1,8,8,8.0,NA,NA,4081,408,1.0,218.5143413636151,353.79915236472391,742.79002305446215,1081.0020505572343
40,5,T2,7,7,6.1415579599703385,1057.0,1657.0,5070,507,NA,305.84453493921893,447.03053742788114,917.08781973956548,1270.0528259612211
40,6,T1.0,6,4,3.8558005348960265,910.0,1510.0,6040,606,NA,416.94786493544899,561.33741685849611,1133.1081971800645,1494.0820769876823
40,6,T3,6,4,3.8391788336161508,908.0,1508.0,6040,606,NA,416.94786493544899,561.33741685849611,1133.1081971800645,1494.0820769876823
41,1,MS,11,11,11.0,NA,NA,1111,111,1.0,-13.273470117493993,104.40426903980303,530.64984283572744,824.76748989455098
41,4,T1,8,8,8.0,NA,NA,4081,408,1.0,230.65945353918391,365.94426454029275,754.93513523003094,1093.1471627328031
41,5,T2,7,6,5.5975946870802566,993.0,1593.0,5060,507,NA,317.98964711478777,459.17564960344998,929.23293191513426,1282.1979381367898
41,6,T1.0,7,4,3.1894749815884813,775.0,1375.0,6040,607,NA,432.53082358537603,556.29329666227352,939.23293191513437,1248.6391146073781
41,6,T3,7,4,3.1700829967619595,773.0,1373.0,6040,607,NA,432.53082358537603,556.29329666227352,939.23293191513437,1248.6391146073781
41,7,T4,6,2,1.0262056392678685,673.0,1273.0,7020,706,NA,555.60637580382831,677.44494733471845,1155.2533093556324,1459.8497381828579
42,1,MS,10,10,10.0,NA,NA,1101,110,1.0,-30.202000534325993,99.250554148913977,520.40392937311913,844.03531608121909
42,4,T1,7,7,7.0,NA,NA,4071,407,1.0,212.47743883703916,367.08865140973495,876.85879153004828,1263.3868229617879
42,5,T2,7,7,6.3115464827484891,1077.0,1677.0,5070,507,NA,303.02869934124084,444.21470182990305,914.27198414158738,1267.236990363243
42,6,T1.0,6,5,4.055260950254536,934.0,1534.0,6050,606,NA,414.1320293374709,558.52158126051802,1130.2923615820864,1491.2662413897042
42,6,T3,6,5,4.0469500996145982,933.0,1533.0,6050,606,NA,414.1320293374709,558.52158126051802,1130.2923615820864,1491.2662413897042
42,7,T2.0,5,2,1.1424367169239245,708.0,1308.0,7020,705,NA,536.58414231258519,682.79042814965339,1398.6175345347087,1764.1332491273793
43,1,MS,11,11,11.0,NA,NA,1111,111,1.0,-30.528546694795896,87.149192462501119,513.39476625842553,807.51241331724907
43,4,T1,9,9,9.0,NA,NA,4091,409,1.0,215.9096512396803,336.16281657399929,661.13010833714452,961.76302167294193
43,5,T2,8,8,7.1646278309188025,1072.0,1672.0,5080,508,NA,303.67594558933297,427.21369776691239,803.78239331149314,1112.6267737554417
43,6,T1.0,7,5,4.5663059042715242,917.0,1517.0,6050,607,NA,415.27574700807412,539.03822008497161,921.97785533783247,1231.3840380300762
43,6,T3,7,5,4.5566099118582635,916.0,1516.0,6050,607,NA,415.27574700807412,539.03822008497161,921.97785533783247,1231.3840380300762
43,7,T4,6,2,1.3512258648206612,706.0,1306.0,7020,706,NA,538.35129922652641,660.18987075741654,1137.9982327783305,1442.594661605556
44,1,MS,11,11,11.0,NA,NA,1111,111,1.0,-31.284574404516931,86.393164752780081,512.63873854870451,806.75638560752805
44,4,T1,8,8,8.0,NA,NA,4081,408,1.0,212.64834925216098,347.93316025326976,736.92403094300801,1075.13605844578
44,5,T2,8,8,7.2229096101570249,1078.0,1678.0,5080,508,NA,302.91991787961194,426.45767005719131,803.02636560177211,1111.8707460457206
44,6,T1.0,7,5,4.5953938815113062,920.0,1520.0,6050,607,NA,414.51971929835304,538.28219237525059,921.22182762811144,1230.6280103203551
44,6,T3,7,5,4.5856978890980455,919.0,1519.0,6050,607,NA,414.51971929835304,538.28219237525059,921.22182762811144,1230.6280103203551
45,1,MS,11,11,11.0,NA,NA,1111,111,1.0,-11.101242648497761,106.57649650879925,532.82207030472364,826.93971736354717
45,4,T1,8,8,8.0,NA,NA,4081,408,1.0,232.83168100818014,368.11649200928895,757.10736269902714,1095.3193902017993
45,5,T2,8,7,6.1932648436150837,972.0,1572.0,5070,508,NA,323.10324963563107,446.64100181321049,823.20969735779124,1132.0540778017398
45,6,T1.0,7,4,3.0634270802160897,762.0,1362.0,6040,607,NA,434.70305105437222,558.46552413126972,941.40515938413057,1250.8113420763743
46,1,MS,11,11,11.0,NA,NA,1111,111,1.0,-16.052097324348939,101.62564183294808,527.87121562887251,821.98886268769604
46,4,T1,8,8,8.0,NA,NA,4081,408,1.0,227.88082633232898,363.16563733343776,752.156508023176,1090.3685355259481
46,5,T2,8,7,6.3875374410758274,992.0,1592.0,5070,508,NA,318.15239495977988,441.6901471373593,818.25884268194011,1127.1032231258887
46,6,T1.0,7,4,3.4609627691597855,803.0,1403.0,6040,607,NA,429.75219637852103,553.51466945541858,936.45430470827944,1245.8604874005232
46,6,T3,7,4,3.4512667767465244,802.0,1402.0,6040,607,NA,429.75219637852103,553.51466945541858,936.45430470827944,1245.8604874005232
46,7,T4,6,2,1.0951493234760366,680.0,1280.0,7020,706,NA,552.82774859697338,674.66632012786351,1152.4746821487774,1457.071110976003
47,1,MS,10,10,10.0,NA,NA,1101,110,1.0,-20.656168002787361,108.79638668045261,529.94976190465775,853.58114861275772
47,4,T1,7,7,7.0,NA,NA,4071,407,1.0,222.02327136857781,376.63448394127357,886.4046240615869,1272.9326554933264
47,5,T2,6,6,5.1767698682600987,1045.0,1645.0,5060,506,NA,308.65269847031658,473.36970137375579,1129.8381941136236,1541.6307013722217
47,6,T1.0,6,4,3.3987037496994428,855.0,1455.0,6040,606,NA,423.67786186900952,568.06741379205664,1139.8381941136249,1500.8120739212427
47,6,T3,6,4,3.3903928990595049,854.0,1454.0,6040,606,NA,423.67786186900952,568.06741379205664,1139.8381941136249,1500.8120739212427
47,7,T2.0,6,2,1.1542439099401807,686.0,1286.0,7020,706,NA,550.19126056182006,672.02983209271019,1149.838194113624,1454.4346229408495
47,7,T4,5,2,1.019322995123624,693.0,1293.0,7020,705,NA,546.12997484412381,692.33626068119202,1408.1633670662472,1773.6790816589178
48,1,MS,11,11,11.0,NA,NA,1111,111,1.0,-24.745703934258326,92.932035223038682,519.17760901896304,813.29525607778658
48,4,T1,8,8,8.0,NA,NA,4081,408,1.0,219.1872197224196,354.47203072352841,743.46290141326654,1081.6749289160387
48,5,T2,8,7,6.8926461944737607,1044.0,1644.0,5070,508,NA,309.45878834987053,432.99654052744995,809.56523607203064,1118.4096165159792
48,6,T1.0,7,5,4.1105942608482637,870.0,1470.0,6050,607,NA,421.05858976861168,544.82106284550912,927.76069809836997,1237.1668807906137
48,6,T3,7,5,4.1008982684350022,869.0,1469.0,6050,607,NA,421.05858976861168,544.82106284550912,927.76069809836997,1237.1668807906137
49,1,MS,11,11,11.0,NA,NA,1111,111,1.0,-21.246545699034872,96.431193458262143,522.67676725418653,816.79441431301007
49,4,T1,8,8,8.0,NA,NA,4081,408,1.0,222.68637795764303,357.97118895875184,746.96205964849003,1085.1740871512623
49,5,T2,7,6,5.9885682894700034,1039.0,1639.0,5060,507,NA,310.01657153324686,451.20257402190907,921.25985633359335,1274.224862555249
49,6,T1.0,7,4,3.8488024656902198,843.0,1443.0,6040,607,NA,424.55774800383512,548.32022108073261,931.25985633359346,1240.6660390258373
49,6,T3,7,4,3.8294104808636984,841.0,1441.0,6040,607,NA,424.55774800383512,548.32022108073261,931.25985633359346,1240.6660390258373
50,1,MS,10,10,10.0,NA,NA,1101,110,1.0,-18.496018631675039,110.95653605156494,532.10991127577006,855.74129798387003
50,4,T1,7,7,7.0,NA,NA,4071,407,1.0,224.18342073969012,378.79463331238594,888.56477343269921,1275.0928048644387
50,5,T2,7,6,5.7590837837194995,1012.0,1612.0,5060,507,NA,314.73468124389183,455.92068373255404,925.97796604423831,1278.9429722658938
50,6,T3,6,4,3.1992433343409337,831.0,1431.0,6040,606,NA,425.83801124012189,570.22756316316895,1141.9983434847372,1502.972223292355
51,1,MS,11,11,11.0,NA,NA,1111,111,1.0,-21.025652346852503,96.652086810444501,522.89766060636896,817.01530766519249
51,4,T1,8,8,8.0,NA,NA,4081,408,1.0,222.9072713098254,358.19208231093421,747.18295300067246,1085.3949805034445
51,5,T2,8,7,6.6400918177747945,1018.0,1618.0,5070,508,NA,313.17883993727634,436.71659211485576,813.28528765943656,1122.129668103385
51,6,T1.0,7,4,3.8003225036239154,838.0,1438.0,6040,607,NA,424.77864135601749,548.54111443291504,931.48074968577589,1240.8869323780195
51,6,T3,7,4,3.7906265112106547,837.0,1437.0,6040,607,NA,424.77864135601749,548.54111443291504,931.48074968577589,1240.8869323780195
51,7,T4,6,2,1.2034893986603008,691.0,1291.0,7020,706,NA,547.85419357446983,669.69276510535997,1147.5011271262738,1452.0975559534993
52,1,MS,10,10,10.0,NA,NA,1101,110,1.0,-7.4150374674322386,122.03751721580774,543.19089244001282,866.82227914811278
52,4,T1,7,7,7.0,NA,NA,4071,407,1.0,235.26440190393294,389.8756144766287,899.64575459694197,1286.1737860286817
52,5,T2,7,6,5.2746164938017701,955.0,1555.0,5060,507,NA,325.81566240813459,467.0016648967968,937.05894720848107,1290.0239534301368
52,6,T1.0,6,3,2.4928210299462137,746.0,1346.0,6030,606,NA,436.91899240436464,581.30854432741171,1153.0793246489802,1514.053204456598
52,6,T3,6,3,2.476199328666338,744.0,1344.0,6030,606,NA,436.91899240436464,581.30854432741171,1153.0793246489802,1514.053204456598
53,1,MS,11,11,11.0,NA,NA,1111,111,1.0,-10.838042017076836,106.83969714022018,533.08527093614452,827.20291799496806
53,4,T1,8,8,8.0,NA,NA,4081,408,1.0,233.09488163960108,368.37969264070989,757.37056333044802,1095.5825908332201
53,5,T2,7,6,5.4956015734133663,981.0,1581.0,5060,507,NA,320.42507521520491,461.61107770386712,931.66836001555134,1284.6333662372069
53,6,T1.0,7,4,3.0246431105630465,758.0,1358.0,6040,607,NA,434.96625168579317,558.7287247626906,941.66836001555146,1251.0745427077952
53,6,T3,7,4,3.0052511257365246,756.0,1356.0,6040,607,NA,434.96625168579317,558.7287247626906,941.66836001555146,1251.0745427077952
54,1,MS,11,11,11.0,NA,NA,1111,111,1.0,-31.496494901323818,86.181244255973198,512.42681805189761,806.54446511072115
54,4,T1,8,8,8.0,NA,NA,4081,408,1.0,212.43642875535409,347.72123975646292,736.71211044620111,1074.9241379489731
54,5,T2,8,8,8.0,NA,NA,5081,508,1.0,302.70799738280505,426.24574956038447,802.81444510496522,1111.6588255489137
54,6,T1.0,7,5,4.6632658284041328,927.0,1527.0,6050,607,NA,414.3077988015462,538.07027187844369,921.00990713130454,1230.4160898235482
54,6,T3,8,6,5.1521485140479522,911.0,1511.0,6060,608,NA,416.8861836573148,525.1783475996001,849.20475929373652,1119.9351691494496
55,1,MS,11,11,11.0,NA,NA,1111,111,1.0,-16.534911539871082,101.14282761742594,527.38840141335038,821.50604847217392
55,4,T1,8,8,8.0,NA,NA,4081,408,1.0,227.39801211680683,362.68282311791563,751.67369380765388,1089.8857213104259
55,5,T2,8,7,6.4458192203140507,998.0,1598.0,5070,508,NA,317.66958074425776,441.20733292183718,817.77602846641798,1126.6204089103665
55,6,T1.0,7,4,3.4997467388128287,807.0,1407.0,6040,607,NA,429.26938216299891,553.03185523989646,935.97149049275731,1245.377673185001
56,1,MS,11,11,11.0,NA,NA,1111,111,1.0,-7.2718602287091816,110.40587892858782,536.65145272451218,830.76909978333572
56,4,T1,8,8,8.0,NA,NA,4081,408,1.0,236.66106342796874,371.94587442907755,760.93674511881568,1099.1487726215878
56,5,T2,8,6,5.9989922461543399,952.0,1552.0,5060,508,NA,326.93263205541967,450.47038423299909,827.03907977757979,1135.8834602215284
56,6,T1.0,7,3,2.7628513154050029,731.0,1331.0,6030,607,NA,438.53243347416083,562.29490655105826,945.23454180391911,1254.6407244961629
56,6,T3,7,3,2.7434593305784811,729.0,1329.0,6030,607,NA,438.53243347416083,562.29490655105826,945.23454180391911,1254.6407244961629
57,1,MS,11,11,11.0,NA,NA,1111,111,1.0,-18.430416599671958,99.247322557625054,525.49289635354944,819.61054341237298
57,4,T1,8,8,8.0,NA,NA,4081,408,1.0,225.50250705700597,360.78731805811475,749.77818874785294,1087.9902162506251
57,5,T2,8,7,6.5526691489174596,1009.0,1609.0,5070,508,NA,315.77407568445688,439.3118278620363,815.88052340661704,1124.7249038505656
57,6,T1.0,7,4,3.6257946401852199,820.0,1420.0,6040,607,NA,427.37387710319803,551.13635018009552,934.07598543295637,1243.4821681252001
57,6,T3,7,4,3.6160986477719592,819.0,1419.0,6040,607,NA,427.37387710319803,551.13635018009552,934.07598543295637,1243.4821681252001
58,1,MS,11,11,11.0,NA,NA,1111,111,1.0,-29.685779171580847,87.991959985716164,514.23753378164054,808.35518084046407
58,4,T1,8,8,8.0,NA,NA,4081,408,1.0,214.24714448509707,349.5319554862059,738.52282617594403,1076.7348536787163
58,5,T2,8,8,7.1354869412996909,1069.0,1669.0,5080,508,NA,304.51871311254797,428.05646529012745,804.62516083470814,1113.4695412786568
58,6,T1.0,7,5,4.5275219346184805,913.0,1513.0,6050,607,NA,416.11851453128918,539.88098760818662,922.82062286104747,1232.2268055532913
59,1,MS,10,10,10.0,NA,NA,1101,110,1.0,-35.217084473711552,94.23547020952843,515.38884543373354,839.0202321418335
59,4,T1,7,7,7.0,NA,NA,4071,407,1.0,207.4623548976536,362.07356747034942,871.84370759066269,1258.3717390224022
59,5,T2,7,7,7.0,NA,NA,5071,507,1.0,298.0136154018553,439.19961789051752,909.25690020220179,1262.2219064238573
59,6,T3,6,5,4.1549911579337904,946.0,1546.0,6050,606,NA,409.11694539808536,553.50649732113243,1125.2772776427007,1486.2511574503185
60,1,MS,11,11,11.0,NA,NA,1111,111,1.0,-17.308268309493211,100.3694708478038,526.6150446437282,820.73269170255173
60,4,T1,8,8,8.0,NA,NA,4081,408,1.0,226.6246553471847,361.90946634829351,750.90033703803169,1089.1123645408038
60,5,T2,7,6,5.7675832098584072,1013.0,1613.0,5060,507,NA,313.95484892278853,455.14085141145074,925.19813372313502,1278.1631399447906
60,6,T3,7,4,3.5094427312260899,808.0,1408.0,6040,607,NA,428.49602539337678,552.25849847027428,935.19813372313513,1244.6043164153789
61,1,MS,11,11,11.0,NA,NA,1111,111,1.0,-17.450119444040631,100.22761971325639,526.47319350918076,820.5908405680043
61,4,T1,8,8,8.0,NA,NA,4081,408,1.0,226.48280421263729,361.76761521374607,750.75848590348426,1088.9705134062565
61,5,T2,7,6,5.7845820621362218,1015.0,1615.0,5060,507,NA,313.81299778824109,454.9990002769033,925.05628258858758,1278.0212888102433
61,6,T1.0,7,4,3.5385307084658724,811.0,1411.0,6040,607,NA,428.35417425882935,552.11664733572684,935.05628258858769,1244.4624652808316
61,6,T3,7,4,3.5288347160526112,810.0,1410.0,6040,607,NA,428.35417425882935,552.11664733572684,935.05628258858769,1244.4624652808316
62,1,MS,10,10,10.0,NA,NA,1101,110,1.0,-17.68254681498248,111.77000786825749,532.92338309246259,856.55476980056255
62,4,T1,7,7,7.0,NA,NA,4071,407,1.0,224.99689255638268,379.60810512907847,889.37824524939174,1275.9062766811314
62,5,T2,7,6,5.7420849314416849,1010.0,1610.0,5060,507,NA,315.54815306058435,456.73415554924657,926.79143786093084,1279.7564440825865
62,6,T1.0,6,4,3.1576890811412444,826.0,1426.0,6040,606,NA,426.65148305681441,571.04103497986148,1142.81181530143,1503.7856951090478
62,6,T3,6,4,3.1493782305013065,825.0,1425.0,6040,606,NA,426.65148305681441,571.04103497986148,1142.81181530143,1503.7856951090478
62,7,T1.1,5,1,0.9782850878568573,688.0,1288.0,7010,705,NA,549.10359603192865,695.30988186899685,1411.1369882540523,1776.6527028467228
63,1,MS,12,12,12.0,NA,NA,1121,112,1.0,-8.7847445224134013,99.092384380286603,529.67926947944341,799.3720917361934
63,4,T1,9,9,9.0,NA,NA,4091,409,1.0,236.02513175859121,356.27829709291018,681.24558885605541,981.87850219185282
63,5,T2,8,7,6.1544103241229351,968.0,1568.0,5070,508,NA,323.79142610824385,447.32917828582328,823.89787383040402,1132.7422542743527
63,6,T1.0,8,4,3.190787763022612,734.0,1334.0,6040,608,NA,437.96961238275361,546.26177632503891,870.28818801917532,1141.0185978748887
63,6,T3,8,4,3.1686254946494441,732.0,1332.0,6040,608,NA,437.96961238275361,546.26177632503891,870.28818801917532,1141.0185978748887
64,1,MS,11,11,11.0,NA,NA,1111,111,1.0,-18.659808927969625,99.017930229327391,525.26350402525179,819.38115108407533
64,4,T1,8,8,8.0,NA,NA,4081,408,1.0,225.27311472870829,360.5579257298171,749.54879641955529,1087.7608239223273
64,5,T2,7,6,5.8440780451085752,1022.0,1622.0,5060,507,NA,312.60330830431212,453.78931079297433,923.84659310465861,1276.8115993263141
64,6,T1.0,7,4,3.6548826174250029,823.0,1423.0,6040,607,NA,427.14448477490038,550.90695785179787,933.84659310465872,1243.2527757969024
64,6,T3,7,4,3.6451866250117417,822.0,1422.0,6040,607,NA,427.14448477490038,550.90695785179787,933.84659310465872,1243.2527757969024
65,1,MS,11,11,11.0,NA,NA,1111,111,1.0,-18.236452230444147,99.441286926852868,525.68686072277728,819.80450778160082
65,4,T1,8,8,8.0,NA,NA,4081,408,1.0,225.69647142623376,360.98128242734259,749.97215311708078,1088.1841806198529
65,5,T2,7,6,5.818579766691852,1019.0,1619.0,5060,507,NA,313.02666500183761,454.21266749049983,924.2699498021841,1277.2349560238397
65,6,T1.0,7,4,3.5870106705321767,816.0,1416.0,6040,607,NA,427.56784147242587,551.33031454932336,934.26994980218421,1243.676132494428
65,6,T3,7,4,3.5676186857056549,814.0,1414.0,6040,607,NA,427.56784147242587,551.33031454932336,934.26994980218421,1243.676132494428
65,7,T1.1,6,2,1.1443948121961567,685.0,1285.0,7020,706,NA,550.64339369087816,672.48196522176829,1150.2903272426822,1454.8867560699077
66,1,MS,11,11,11.0,NA,NA,1111,111,1.0,-20.468167707044106,97.209571450252909,523.45514524617727,817.5727923050008
66,4,T1,8,8,8.0,NA,NA,4081,408,1.0,223.4647559496338,358.74956695074263,747.74043764048076,1085.952465143253
66,5,T2,7,6,5.9630700110532802,1036.0,1636.0,5060,507,NA,310.79494952523766,451.98095201389987,922.03823432558409,1275.0032405472398
66,6,T1.0,7,4,3.7615385339708722,834.0,1434.0,6040,607,NA,425.33612599582591,549.09859907272335,932.0382343255842,1241.4444170178281
66,6,T3,7,4,3.7421465491443504,832.0,1432.0,6040,607,NA,425.33612599582591,549.09859907272335,932.0382343255842,1241.4444170178281
67,1,MS,11,11,11.0,NA,NA,1111,111,1.0,-28.457452980207492,89.22028617708952,515.46585997301395,809.58350703183748
67,4,T1,8,8,8.0,NA,NA,4081,408,1.0,215.47547067647042,350.76028167757926,739.75115236731745,1077.9631798700896
67,5,T2,8,8,7.038350642569319,1059.0,1659.0,5080,508,NA,305.74703930392138,429.2847914815008,805.85348702608155,1114.6978674700301
67,6,T1.0,7,5,4.4111700256593505,901.0,1501.0,6050,607,NA,417.34684072266253,541.10931379956003,924.04894905242088,1233.4551317446646
67,6,T3,7,5,4.3917780408328282,899.0,1499.0,6050,607,NA,417.34684072266253,541.10931379956003,924.04894905242088,1233.4551317446646
68,1,MS,11,11,11.0,NA,NA,1111,111,1.0,-8.7339930884603003,108.94374606883672,535.18931986476116,829.3069669235847
68,4,T1,8,8,8.0,NA,NA,4081,408,1.0,235.19893056821761,370.48374156932641,759.47461225906466,1097.6866397618367
68,5,T2,8,7,6.0767012851386371,960.0,1560.0,5070,508,NA,325.47049919566854,449.00825137324796,825.57694691782876,1134.4213273617772
68,6,T1.0,7,3,2.8501152471243509,740.0,1340.0,6030,607,NA,437.07030061440969,560.83277369130724,943.77240894416809,1253.1785916364117
68,6,T3,7,3,2.8307232622978291,738.0,1338.0,6030,607,NA,437.07030061440969,560.83277369130724,943.77240894416809,1253.1785916364117
68,7,T2.0,6,1,0.96711105280372434,667.0,1267.0,7010,706,NA,560.14585283286203,681.98442436375217,1159.792786384666,1464.3892152118915
69,1,MS,11,11,11.0,NA,NA,1111,111,1.0,-5.9103050217313218,111.76743413556569,538.01300793149005,832.13065499031359
69,4,T1,8,8,8.0,NA,NA,4081,408,1.0,238.02261863494658,373.30742963605542,762.29830032579355,1100.5103278285658
69,5,T2,8,6,5.9601377266621913,948.0,1548.0,5060,508,NA,328.29418726239754,451.83193943997696,828.40063498455766,1137.2450154285063
69,6,T1.0,7,3,2.6852833760989161,723.0,1323.0,6030,607,NA,439.89398868113869,563.65646175803613,946.59609701089698,1256.0022797031409
69,6,T3,7,3,2.6658913912723943,721.0,1321.0,6030,607,NA,439.89398868113869,563.65646175803613,946.59609701089698,1256.0022797031409
70,1,MS,11,11,11.0,NA,NA,1111,111,1.0,-15.041063943141168,102.63667521415584,528.88224901008027,822.99989606890381
70,4,T1,8,8,8.0,NA,NA,4081,408,1.0,228.89185971353675,364.17667071464552,753.16754140438377,1091.3795689071558
70,5,T2,8,7,6.3583965514567158,989.0,1589.0,5070,508,NA,319.16342834098765,442.70118051856707,819.26987606314788,1128.1142565070963
70,6,T1.0,7,4,3.40278681468022,797.0,1397.0,6040,607,NA,430.7632297597288,554.52570283662635,937.4653380894872,1246.8715207817309
70,6,T3,7,4,3.3930908222669593,796.0,1396.0,6040,607,NA,430.7632297597288,554.52570283662635,937.4653380894872,1246.8715207817309
70,7,T2.0,6,2,1.0853002257320126,679.0,1279.0,7020,706,NA,553.83878197818115,675.67735350907128,1153.4857155299851,1458.0821443572106
71,1,MS,11,11,11.0,NA,NA,1111,111,1.0,-14.393364982206178,103.28437417509083,529.52994797101519,823.64759502983873
71,4,T1,8,8,8.0,NA,NA,4081,408,1.0,229.53955867447175,364.82436967558056,753.81524036531869,1092.0272678680908
71,5,T2,8,7,6.3292556618376041,986.0,1586.0,5070,508,NA,319.81112730192268,443.3488794795021,819.91757502408279,1128.7619554680314
71,6,T1.0,7,4,3.3058268905476114,787.0,1387.0,6040,607,NA,431.41092872066383,555.17340179756127,938.11303705042212,1247.5192197426659
71,6,T3,8,4,3.5453840569932948,766.0,1366.0,6040,608,NA,433.98931357643244,542.28147751871768,866.30788921285409,1137.0382990685673
72,1,MS,11,11,11.0,NA,NA,1111,111,1.0,-27.809579754620543,89.868159402676469,516.11373319860081,810.23138025742446
72,6,T3,7,5,4.3626900635930461,896.0,1496.0,6050,607,NA,417.99471394824945,541.757187025147,924.69682227800786,1234.1030049702515
72,7,T4,6,2,1.3216785715885893,703.0,1303.0,7020,706,NA,541.07026616670169,662.90883769759193,1140.7171997185058,1445.3136285457313
73,1,MS,11,11,11.0,NA,NA,1111,111,1.0,-22.908364754202335,94.769374403094673,521.01494819901905,815.13259525784258
73,4,T1,8,8,8.0,NA,NA,4081,408,1.0,221.02455890247558,356.30936990358441,745.30024059332254,1083.5122680960947
73,5,T2,7,7,6.0565636985812636,1047.0,1647.0,5070,507,NA,308.35475247807943,449.54075496674164,919.59803727842586,1272.5630435000814
73,6,T1.0,7,5,4.0233303291289157,861.0,1461.0,6050,607,NA,422.89592894866769,546.65840202556512,929.59803727842598,1239.0042199706697
73,6,T3,7,5,4.0136343367156551,860.0,1460.0,6050,607,NA,422.89592894866769,546.65840202556512,929.59803727842598,1239.0042199706697
73,7,T2.0,7,2,1.3925803510689898,690.0,1290.0,7020,707,NA,548.872399536903,653.30546084909452,939.59803727842541,1200.6806905589044
74,1,MS,11,11,11.0,NA,NA,1111,111,1.0,-20.895094305896727,96.782644851400292,523.02821864732471,817.14586570614824
74,5,T2,7,6,5.9715694371921879,1037.0,1637.0,5060,507,NA,310.36802292638504,451.55402541504725,921.61130772673152,1274.576313948387
74,6,T3,7,4,3.7712345263841329,835.0,1435.0,6040,607,NA,424.90919939697329,548.67167247387079,931.61130772673164,1241.0174904189753
74,7,T4,7,2,1.3121460528261268,683.0,1283.0,7020,707,NA,550.88566998520866,655.31873129740018,941.61130772673107,1202.69396100721
75,1,MS,10,10,10.0,NA,NA,1101,110,1.0,-24.893042260212717,104.55951242302726,525.71288764723238,849.34427435533235
75,4,T1,7,7,7.0,NA,NA,4071,407,1.0,217.78639711115244,372.39760968384826,882.16774980416153,1268.695781235901
75,5,T2,7,7,6.0650631247201705,1048.0,1648.0,5070,507,NA,308.33765761535415,449.52366010401636,919.58094241570063,1272.5459486373561
75,7,T2.0,6,2,1.233036691892373,694.0,1294.0,7020,706,NA,545.95438630439469,667.79295783528482,1145.6013198561986,1450.1977486834242
76,1,MS,11,11,11.0,NA,NA,1111,111,1.0,-19.943810199067936,97.733928958229072,523.97950275415349,818.09714981297702
76,4,T1,8,8,8.0,NA,NA,4081,408,1.0,223.98911345760999,359.2739244587188,748.26479514845698,1086.476822651229
76,5,T2,7,6,5.9375717326365578,1033.0,1633.0,5060,507,NA,311.31930703321382,452.50530952187603,922.5625918335603,1275.5275980552158
76,6,T1.0,7,4,3.7130585719045679,829.0,1429.0,6040,607,NA,425.86048350380207,549.62295658069957,932.56259183356042,1241.9687745258041
76,6,T3,7,4,3.7033625794913072,828.0,1428.0,6040,607,NA,425.86048350380207,549.62295658069957,932.56259183356042,1241.9687745258041
77,1,MS,11,11,11.0,NA,NA,1111,111,1.0,-31.615010160448403,86.062728996848605,512.30830279277302,806.42594985159656
77,4,T1,8,8,8.0,NA,NA,4081,408,1.0,212.31791349622952,347.60272449733833,736.59359518707652,1074.8056226898486
77,5,T2,8,8,8.0,NA,NA,5081,508,1.0,302.58948212368045,426.12723430125988,802.69592984584062,1111.5403102897892
77,6,T1.0,7,5,4.7020497980571765,931.0,1531.0,6050,607,NA,414.18928354242161,537.9517566193191,920.89139187217995,1230.2975745644237
77,6,T3,7,5,4.6923538056439149,930.0,1530.0,6050,607,NA,414.18928354242161,537.9517566193191,920.89139187217995,1230.2975745644237
78,1,MS,12,12,12.0,NA,NA,1121,112,1.0,-10.67355447089618,97.203574431803816,527.79045953096067,797.48328178771067
78,4,T1,9,9,9.0,NA,NA,4091,409,1.0,234.13632181010846,354.38948714442739,679.35677890757268,979.98969224337009
78,5,T2,9,7,6.901855947423968,966.0,1566.0,5070,509,NA,324.19035231119767,434.00168758015718,741.48421733757209,1016.0125555099709
78,6,T1.0,8,4,3.3902481783811211,752.0,1352.0,6040,608,NA,436.08080243427082,544.37296637655618,868.39937807069259,1139.1297879264057
78,6,T3,8,4,3.3680859100079532,750.0,1350.0,6040,608,NA,436.08080243427082,544.37296637655618,868.39937807069259,1139.1297879264057
79,1,MS,11,11,11.0,NA,NA,1111,111,1.0,-5.6531898786431398,112.02454927865386,538.27012307457824,832.38777013340177
79,4,T1,8,8,8.0,NA,NA,4081,408,1.0,238.27973377803477,373.5645447791436,762.55541546888173,1100.767442971654
79,5,T2,7,6,5.3001147722184925,958.0,1558.0,5060,507,NA,325.60992735363862,466.79592984230084,936.85321215398506,1289.8182183756408
79,6,T1.0,7,3,2.6561953988591336,720.0,1320.0,6030,607,NA,440.15110382422688,563.91357690112432,946.85321215398517,1256.259394846229
79,6,T3,8,3,2.9470028109177675,712.0,1312.0,6030,608,NA,442.72948867999548,551.02165262228073,875.04806431641714,1145.7784741721305
80,1,MS,11,11,11.0,NA,NA,1111,111,1.0,-26.258003879560352,91.419735277736663,517.66530907366109,811.78295613248463
80,4,T1,8,8,8.0,NA,NA,4081,408,1.0,217.67491977711757,352.95973077822634,741.95060146796459,1080.1626289707367
80,5,T2,7,7,6.2180527952205065,1066.0,1666.0,5070,507,NA,305.00511335272137,446.19111584138358,916.24839815306791,1269.2134043747235
80,6,T1.0,7,5,4.2754261318736981,887.0,1487.0,6050,607,NA,419.54628982330962,543.30876290020717,926.24839815306802,1235.6545808453118
80,7,T2.0,7,2,1.4615240352771579,696.0,1296.0,7020,707,NA,545.52276041154505,649.95582172373656,936.24839815306746,1197.3310514335465
81,1,MS,11,11,11.0,NA,NA,1111,111,1.0,-14.898406693115096,102.77933246418192,529.02490626010626,823.1425533189298
81,4,T1,8,8,8.0,NA,NA,4081,408,1.0,229.03451696356282,364.31932796467163,753.31019865440976,1091.5222261571819
81,5,T2,7,6,5.7165866530249616,1007.0,1607.0,5060,507,NA,316.36471053916665,457.55071302782886,927.60799533951308,1280.5730015611687
81,6,T1.0,7,4,3.3736988374404375,794.0,1394.0,6040,607,NA,430.90588700975491,554.66836008665234,937.6079953395132,1247.014178031757
81,6,T3,7,4,3.3640028450271768,793.0,1393.0,6040,607,NA,430.90588700975491,554.66836008665234,937.6079953395132,1247.014178031757
81,7,T1.1,7,2,1.1742586844097906,671.0,1271.0,7020,707,NA,556.88235759799022,661.31541891018173,947.60799533951263,1208.6906486199916
82,1,MS,11,11,11.0,NA,NA,1111,111,1.0,-21.907808787176787,95.769930370120221,522.01550416604459,816.13315122486813
82,5,T2,8,7,6.7372281165051664,1028.0,1628.0,5070,508,NA,312.29668349695208,435.83443567453151,812.4031312191122,1121.2475116630608
82,6,T3,7,4,3.9360663974095678,852.0,1452.0,6040,607,NA,423.89648491569324,547.65895799259067,930.59859324545153,1240.0047759376953
83,1,MS,11,11,11.0,NA,NA,1111,111,1.0,-25.11622744929829,92.561511707998719,518.80708550392308,812.92473256274661
83,4,T1,8,8,8.0,NA,NA,4081,408,1.0,218.81669620737964,354.10150720848844,743.09237789822657,1081.3044054009988
83,5,T2,7,7,6.1330585338314307,1056.0,1656.0,5070,507,NA,306.14688978298346,447.33289227164568,917.39017458332989,1270.3551808049856
83,6,T1.0,7,5,4.1687702153278288,876.0,1476.0,6050,607,NA,420.68806625357172,544.45053933046916,927.39017458333001,1236.7963572755739
83,6,T3,7,5,4.1590742229145681,875.0,1475.0,6050,607,NA,420.68806625357172,544.45053933046916,927.39017458333001,1236.7963572755739
84,1,MS,10,10,10.0,NA,NA,1101,110,1.0,-31.808939831602203,97.643614851637778,518.79699007584281,842.42837678394278
84,4,T1,7,7,7.0,NA,NA,4071,407,1.0,210.87049953976296,365.48171211245875,875.25185223277197,1261.7798836645115
84,5,T2,7,7,7.0,NA,NA,5071,507,1.0,301.42176004396464,442.60776253262685,912.66504484431107,1265.6300510659667
84,6,T1.0,6,5,4.1466803072938525,945.0,1545.0,6050,606,NA,412.5250900401947,556.91464196324171,1128.6854222848101,1489.6593020924279
84,7,T4,5,2,1.1506442983772778,709.0,1309.0,7020,705,NA,534.97720301530887,681.18348885237708,1397.0105952374324,1762.5263098301029
85,1,MS,10,10,10.0,NA,NA,1101,110,1.0,-35.96611258940429,93.486442093835691,514.63981731804074,838.27120402614071
85,5,T2,7,7,7.0,NA,NA,5071,507,1.0,297.26458728616257,438.45058977482478,908.507872086509,1261.4728783081646
85,7,T4,6,2,1.4004713535407813,711.0,1311.0,7020,706,NA,534.88131597520305,656.71988750609319,1134.5282495270071,1439.1246783542326
86,1,MS,11,11,11.0,NA,NA,1111,111,1.0,-15.452833412020102,102.22490574527691,528.47047954120126,822.58812660002479
86,4,T1,8,8,8.0,NA,NA,4081,408,1.0,228.48009024465782,363.76490124576662,752.75577193550475,1090.9677994382769
86,5,T2,8,7,6.3681101813297527,990.0,1590.0,5070,508,NA,318.75165887210875,442.28941104968817,818.85810659426886,1127.7024870382174
86,6,T1.0,7,4,3.4318747919200026,800.0,1400.0,6040,607,NA,430.3514602908499,554.11393336774734,937.05356862060819,1246.4597513128519
86,6,T3,7,4,3.4221787995067419,799.0,1399.0,6040,607,NA,430.3514602908499,554.11393336774734,937.05356862060819,1246.4597513128519
87,1,MS,10,10,10.0,NA,NA,1101,110,1.0,-30.066894823334806,99.385659859905175,520.53903508411031,844.17042179221028
87,5,T2,6,6,6.0,NA,NA,5061,506,1.0,299.24197164976914,463.95897455320835,1120.4274672930762,1532.2199745516743
87,6,T3,6,5,4.005395846414908,928.0,1528.0,6050,606,NA,414.26713504846208,558.6566869715092,1130.4274672930776,1491.4013471006954
88,1,MS,10,10,10.0,NA,NA,1101,110,1.0,-16.940111137625372,112.5124435456146,533.66581876981968,857.29720547791965
88,4,T1,7,7,7.0,NA,NA,4071,407,1.0,225.7393282337398,380.35054080643556,890.12068092674883,1276.6487123584884
88,5,T2,6,6,5.0456358649740967,1027.0,1627.0,5060,506,NA,312.36875533547857,477.08575823891778,1133.5542509787856,1545.3467582373837
88,6,T1.0,6,4,3.0828914253818032,817.0,1417.0,6040,606,NA,427.39391873417151,571.78347065721857,1143.554250978787,1504.5281307864047
88,7,T1.1,6,2,1.0656020302439646,677.0,1277.0,7020,706,NA,553.90731742698199,675.74588895787213,1153.5542509787861,1458.1506798060116
88,7,T2.0,6,2,1.0557529324999406,676.0,1276.0,7020,706,NA,553.90731742698199,675.74588895787213,1153.5542509787861,1458.1506798060116
89,1,MS,11,11,11.0,NA,NA,1111,111,1.0,-11.327964991229864,106.34977416606715,532.59534796199159,826.71299502081513
89,4,T1,8,8,8.0,NA,NA,4081,408,1.0,232.60495866544804,367.88976966655684,756.88064035629509,1095.0926678590672
89,5,T2,8,7,6.2224057332341953,975.0,1575.0,5070,508,NA,322.87652729289897,446.41427947047839,822.9829750150592,1131.8273554590078
89,6,T1.0,7,4,3.0828190650426115,764.0,1364.0,6040,607,NA,434.47632871164012,558.23880178853767,941.17843704139852,1250.5846197336423
90,1,MS,11,11,11.0,NA,NA,1111,111,1.0,-32.369374160950088,85.308364996346924,511.55393879227131,805.67158585109485
90,5,T2,7,7,7.0,NA,NA,5071,507,1.0,298.89374307133164,440.07974555999385,910.13702787167813,1263.1020340933337
90,6,T3,7,5,4.7602257525367415,937.0,1537.0,6050,607,NA,413.4349195419199,537.19739261881739,920.13702787167824,1229.543210563922
91,1,MS,11,11,11.0,NA,NA,1111,111,1.0,-13.694697134764414,103.9830420225326,530.228615818457,824.34626287728054
91,4,T1,9,9,9.0,NA,NA,4091,409,1.0,232.7435007997118,352.99666613403076,677.96395789717599,978.5968712329734
91,5,T2,7,6,5.6485912439137014,999.0,1599.0,5060,507,NA,317.56842009751733,458.75442258617954,928.81170489786382,1281.7767111195194
91,6,T1.0,7,4,3.2476509360680463,781.0,1381.0,6040,607,NA,432.10959656810559,555.87206964500308,938.81170489786393,1248.2178875901077
91,6,T3,7,4,3.2282589512415245,779.0,1379.0,6040,607,NA,432.10959656810559,555.87206964500308,938.81170489786393,1248.2178875901077
92,1,MS,11,11,11.0,NA,NA,1111,111,1.0,-6.2916059054654045,111.38613325183161,537.63170704775598,831.74935410657952
92,5,T2,7,6,5.359610755190845,965.0,1565.0,5060,507,NA,324.97151132681631,466.15751381547852,936.2147961271628,1289.1798023488184
92,6,T3,7,3,2.6949793685121768,724.0,1324.0,6030,607,NA,439.51268779740457,563.27516087430206,946.21479612716291,1255.6209788194067
93,1,MS,11,11,11.0,NA,NA,1111,111,1.0,-13.974519427500081,103.70321972979693,529.94879352572138,824.06644058454492
93,4,T1,8,8,8.0,NA,NA,4081,408,1.0,229.95840422917783,365.24321523028664,754.23408592002488,1092.446113422797
93,5,T2,7,6,5.6655900961915169,1001.0,1601.0,5060,507,NA,317.28859780478166,458.47460029344387,928.5318826051282,1281.4968888267838
93,6,T1.0,7,4,3.257346928481307,782.0,1382.0,6040,607,NA,431.82977427536991,555.59224735226746,938.53188260512832,1247.9380652973721
94,1,MS,11,11,11.0,NA,NA,1111,111,1.0,-31.306020371342335,86.37171878595467,512.61729258187904,806.73493964070258
94,4,T1,8,8,8.0,NA,NA,4081,408,1.0,212.62690328533557,347.91171428644441,736.90258497618254,1075.1146124789548
94,5,T2,7,7,7.0,NA,NA,5071,507,1.0,299.95709686093943,441.14309934960164,911.20038166128586,1264.1653878829416
94,6,T1.0,7,5,4.6341778511643499,924.0,1524.0,6050,607,NA,414.49827333152768,538.26074640842512,921.20038166128597,1230.6065643535298
94,6,T3,7,5,4.6147858663378285,922.0,1522.0,6050,607,NA,414.49827333152768,538.26074640842512,921.20038166128597,1230.6065643535298
95,1,MS,12,12,12.0,NA,NA,1121,112,1.0,-11.536355777919102,96.340773124780895,526.92765822393767,796.62048048068766
95,4,T1,9,9,9.0,NA,NA,4091,409,1.0,233.27352050308554,353.5266858374045,678.49397760054967,979.12689093634708
95,5,T2,8,7,6.251546622853307,978.0,1578.0,5070,508,NA,321.03981485273817,444.5775670303176,821.14626257489829,1129.9906430188469
95,6,T3,8,4,3.4234915809408726,755.0,1355.0,6040,608,NA,435.21800112724793,543.51016506953317,867.53657676366959,1138.2669866193828
96,1,MS,10,10,10.0,NA,NA,1101,110,1.0,-24.486444120183208,104.96611056305677,526.11948578726185,849.75087249536182
96,4,T1,7,7,7.0,NA,NA,4071,407,1.0,218.19299525118194,372.80420782387773,882.574347944191,1269.1023793759307
96,5,T2,6,6,5.34432998356999,1068.0,1668.0,5060,506,NA,304.82242235292074,469.53942525635995,1126.0079179962279,1537.800425254826
96,6,T1.0,6,4,3.5981641650579519,879.0,1479.0,6040,606,NA,419.84758575161368,564.23713767466074,1136.0079179962293,1496.981797803847
96,6,T3,6,4,3.589853314418014,878.0,1478.0,6040,606,NA,419.84758575161368,564.23713767466074,1136.0079179962293,1496.981797803847
97,1,MS,11,11,11.0,NA,NA,1111,111,1.0,-13.418029871067208,104.25970928622981,530.50528308215416,824.6229301409777
97,4,T1,8,8,8.0,NA,NA,4081,408,1.0,230.5148937856107,365.79970478671953,754.79057547645766,1093.0026029792298
97,5,T2,7,6,5.6145935393580713,995.0,1595.0,5060,507,NA,317.84508736121455,459.03108984987676,929.08837216156098,1282.0533783832166
97,6,T1.0,7,4,3.2185629588282638,778.0,1378.0,6040,607,NA,432.38626383180281,556.14873690870024,939.0883721615611,1248.4945548538049
97,6,T3,7,4,3.199170974001742,776.0,1376.0,6040,607,NA,432.38626383180281,556.14873690870024,939.0883721615611,1248.4945548538049
98,1,MS,11,11,11.0,NA,NA,1111,111,1.0,-14.57567380447272,103.1020653528243,529.34763914874873,823.46528620757226
98,4,T1,8,8,8.0,NA,NA,4081,408,1.0,229.3572498522052,364.64206085331398,753.63293154305222,1091.8449590458242
98,5,T2,7,6,5.6910883746082392,1004.0,1604.0,5060,507,NA,316.687443427809,457.87344591647121,927.93072822815554,1280.895734449811
98,6,T1.0,7,4,3.3349148677873943,790.0,1390.0,6040,607,NA,431.22861989839726,554.99109297529481,937.93072822815566,1247.3369109203993
98,6,T3,7,4,3.3155228829608725,788.0,1388.0,6040,607,NA,431.22861989839726,554.99109297529481,937.93072822815566,1247.3369109203993
98,7,T2.0,6,2,1.0360547370118924,674.0,1274.0,7020,706,NA,554.3041721168496,676.14274364773974,1153.9511056686536,1458.5475344958791
99,1,MS,11,11,11.0,NA,NA,1111,111,1.0,-30.242863123239026,87.434876034057993,513.68044982998242,807.79809688880596
99,5,T2,8,8,7.1549142010457647,1071.0,1671.0,5080,508,NA,303.9616291608898,427.49938133846922,804.06807688305003,1112.9124573269985
99,6,T3,7,5,4.5372179270317412,914.0,1514.0,6050,607,NA,415.56143057963095,539.3239036565285,922.26353890938935,1231.669721601633
100,1,MS,11,11,11.0,NA,NA,1111,111,1.0,-21.669704519327826,96.008034637969189,522.25360843389353,816.37125549271707
100,4,T1,9,9,9.0,NA,NA,4091,409,1.0,224.76849341514838,345.02165874946735,669.98895051261252,970.62186384840993
100,5,T2,8,7,6.6983735970130169,1024.0,1624.0,5070,508,NA,312.53478776480102,436.07253994238044,812.64123548696114,1121.4856159309097
100,6,T1.0,7,4,3.9069784201697852,849.0,1449.0,6040,607,NA,424.13458918354218,547.89706226043961,930.83669751330046,1240.2428802055442
100,6,T3,7,4,3.8972824277565241,848.0,1448.0,6040,607,NA,424.13458918354218,547.89706226043961,930.83669751330046,1240.2428802055442
